filename,label,class_name,original_test_index,model_score,model_prediction
ai_000.jpg,0,AI-Generated,216,0.6060001850128174,1
real_001.jpg,1,Real,25,0.8547610640525818,1
ai_002.jpg,0,AI-Generated,258,0.17949753999710083,0
real_003.jpg,1,Real,137,0.4837971031665802,0
real_004.jpg,1,Real,17,0.9338863492012024,1
real_005.jpg,1,Real,31,0.8500410914421082,1
ai_006.jpg,0,AI-Generated,263,0.276025652885437,0
real_007.jpg,1,Real,94,0.8684175610542297,1
ai_008.jpg,0,AI-Generated,202,0.483667254447937,0
real_009.jpg,1,Real,62,0.24450822174549103,0
real_010.jpg,1,Real,120,0.9934592247009277,1
ai_011.jpg,0,AI-Generated,274,0.1810240000486374,0
ai_012.jpg,0,AI-Generated,160,0.4064652621746063,0
ai_013.jpg,0,AI-Generated,283,0.5393975377082825,1
ai_014.jpg,0,AI-Generated,176,0.6859853267669678,1
real_015.jpg,1,Real,112,0.9396659731864929,1
ai_016.jpg,0,AI-Generated,175,0.4689365029335022,0
ai_017.jpg,0,AI-Generated,247,0.6404387950897217,1
ai_018.jpg,0,AI-Generated,244,0.6757861971855164,1
real_019.jpg,1,Real,115,0.7740374803543091,1
real_020.jpg,1,Real,133,0.8100680708885193,1
real_021.jpg,1,Real,23,0.9579610228538513,1
ai_022.jpg,0,AI-Generated,295,0.6189948320388794,1
real_023.jpg,1,Real,142,0.6297317743301392,1
ai_024.jpg,0,AI-Generated,167,0.1578572690486908,0
real_025.jpg,1,Real,51,0.7927978038787842,1
ai_026.jpg,0,AI-Generated,230,0.2648402750492096,0
real_027.jpg,1,Real,41,0.8060749769210815,1
real_028.jpg,1,Real,9,0.9203797578811646,1
real_029.jpg,1,Real,149,0.44344744086265564,0
real_030.jpg,1,Real,46,0.26352059841156006,0
real_031.jpg,1,Real,45,0.5681214332580566,1
ai_032.jpg,0,AI-Generated,220,0.28525933623313904,0
real_033.jpg,1,Real,61,0.9751957058906555,1
ai_034.jpg,0,AI-Generated,276,0.533430278301239,1
real_035.jpg,1,Real,47,0.47828662395477295,0
ai_036.jpg,0,AI-Generated,162,0.334562212228775,0
ai_037.jpg,0,AI-Generated,231,0.6736422181129456,1
ai_038.jpg,0,AI-Generated,239,0.25003162026405334,0
real_039.jpg,1,Real,14,0.9877275228500366,1
ai_040.jpg,0,AI-Generated,218,0.12824375927448273,0
ai_041.jpg,0,AI-Generated,278,0.6461073756217957,1
ai_042.jpg,0,AI-Generated,213,0.4705430269241333,0
real_043.jpg,1,Real,91,0.9315401911735535,1
real_044.jpg,1,Real,102,0.3251841962337494,0
real_045.jpg,1,Real,105,0.4675123691558838,0
real_046.jpg,1,Real,145,0.698317289352417,1
ai_047.jpg,0,AI-Generated,204,0.402656227350235,0
real_048.jpg,1,Real,82,0.8769431114196777,1
real_049.jpg,1,Real,65,0.9618935585021973,1
ai_050.jpg,0,AI-Generated,246,0.5205589532852173,1
ai_051.jpg,0,AI-Generated,271,0.7333167195320129,1
ai_052.jpg,0,AI-Generated,209,0.31438642740249634,0
real_053.jpg,1,Real,93,0.7363563179969788,1
real_054.jpg,1,Real,144,0.8558047413825989,1
ai_055.jpg,0,AI-Generated,290,0.20920856297016144,0
ai_056.jpg,0,AI-Generated,251,0.6190716028213501,1
real_057.jpg,1,Real,79,0.47501030564308167,0
ai_058.jpg,0,AI-Generated,256,0.7644856572151184,1
ai_059.jpg,0,AI-Generated,266,0.26850569248199463,0
